FrameNo,head_x,head_y,head_z,left_shoulder_x,left_shoulder_y,left_shoulder_z,left_elbow_x,left_elbow_y,left_elbow_z,right_shoulder_x,right_shoulder_y,right_shoulder_z,right_elbow_x,right_elbow_y,right_elbow_z,left_hand_x,left_hand_y,left_hand_z,right_hand_x,right_hand_y,right_hand_z,left_hip_x,left_hip_y,left_hip_z,right_hip_x,right_hip_y,right_hip_z,left_knee_x,left_knee_y,left_knee_z,right_knee_x,right_knee_y,right_knee_z,left_foot_x,left_foot_y,left_foot_z,right_foot_x,right_foot_y,right_foot_z
0,0.5134520530700684,0.35613664984703064,0.011957864463329314,0.5570619106292725,0.4090132415294647,0,0.5673034191131592,0.47216641902923584,0.003985954821109772,0.477342814207077,0.40975701808929443,0,0.4532749652862549,0.47683167457580566,0.003985954821109772,0.5756835341453552,0.5442460775375366,0.005978932231664658,0.44158196449279785,0.50910484790802,0.005978932231664658,0.5388293266296387,0.5450484752655029,-0.001992977410554886,0.4891683757305145,0.541825532913208,-0.001992977410554886,0.541601300239563,0.6533390879631042,-0.003985954821109772,0.4817175567150116,0.650982677936554,-0.003985954821109772,0.5460629463195801,0.7465823888778687,-0.003985954821109772,0.4771583676338196,0.7519476413726807,-0.003985954821109772
3,0.5130634307861328,0.35626089572906494,0.01207973062992096,0.5555001497268677,0.4088985323905945,0,0.5665833950042725,0.4719480872154236,0.00402657687664032,0.4749686121940613,0.40915796160697937,0,0.45424383878707886,0.475655198097229,0.00402657687664032,0.5735186338424683,0.5399886965751648,0.0,0.4417388439178467,0.503302276134491,0.0,0.5372234582901001,0.5453987121582031,-0.00201328843832016,0.49144285917282104,0.5426642894744873,-0.00201328843832016,0.5374107360839844,0.6513829231262207,-0.00402657687664032,0.48240309953689575,0.6501006484031677,-0.00402657687664032,0.5465661287307739,0.741818368434906,-0.00402657687664032,0.47750696539878845,0.7464301586151123,-0.00402657687664032
6,0.5133178234100342,0.35603272914886475,0.012024307250976562,0.5549636483192444,0.4084946811199188,0,0.5667349100112915,0.4721853733062744,0.004008102416992188,0.47480159997940063,0.4078880250453949,0,0.450880765914917,0.47939568758010864,0.004008102416992188,0.5732272863388062,0.5406214594841003,0.0,0.4449784457683563,0.5116629600524902,0.0,0.5385565161705017,0.5470263361930847,-0.002004051208496094,0.49133986234664917,0.5455247759819031,-0.002004051208496094,0.5439363718032837,0.6534793376922607,-0.004008102416992188,0.48323726654052734,0.6529945135116577,-0.004008102416992188,0.5472978353500366,0.7439535856246948,-0.004008102416992188,0.4785476624965668,0.7492601871490479,-0.004008102416992188
9,0.5130370855331421,0.3570726811885834,0.01210792064666748,0.5560784339904785,0.40852612257003784,0,0.5676476955413818,0.4703352153301239,0.004035973548889161,0.4753589630126953,0.407762736082077,0,0.45519742369651794,0.47435933351516724,0.004035973548889161,0.5781004428863525,0.5351152420043945,0.006053960323333741,0.4404406249523163,0.5069231986999512,0.006053960323333741,0.5386301875114441,0.5455064177513123,-0.0020179867744445803,0.49052199721336365,0.5435438752174377,-0.0020179867744445803,0.5400905609130859,0.6526212096214294,-0.004035973548889161,0.4834979474544525,0.6535276174545288,-0.004035973548889161,0.5486854910850525,0.7447556853294373,-0.004035973548889161,0.47723421454429626,0.7487637996673584,-0.004035973548889161
12,0.51286780834198,0.3591024577617645,0.011417806148529053,0.5549778938293457,0.4142319858074188,0,0.5821143984794617,0.4760745167732239,0.0038059353828430176,0.47885918617248535,0.4167495369911194,0,0.4537067413330078,0.47407543659210205,0.0038059353828430176,0.5948100686073303,0.5221325159072876,0.005708903074264526,0.41422972083091736,0.5023285746574402,0.005708903074264526,0.5408244132995605,0.547823429107666,-0.0019029676914215088,0.4942830204963684,0.5462465286254883,-0.0019029676914215088,0.5414959192276001,0.6492539048194885,-0.0038059353828430176,0.4801931381225586,0.647487461566925,-0.0038059353828430176,0.547642707824707,0.74333655834198,-0.0038059353828430176,0.4793892502784729,0.7496484518051147,-0.0038059353828430176
15,0.5096490979194641,0.36123722791671753,0.010423073172569275,0.5483881235122681,0.4121934771537781,0,0.5946370363235474,0.4485795199871063,0.0034743577241897585,0.4789009690284729,0.41032907366752625,0,0.4280726909637451,0.4484301507472992,0.0034743577241897585,0.6203733682632446,0.4336563050746918,0.005211536586284638,0.38592731952667236,0.4423202872276306,0.005211536586284638,0.540381133556366,0.5452433228492737,-0.0017371788620948792,0.49359530210494995,0.5453922748565674,-0.0017371788620948792,0.5423164367675781,0.6451539397239685,-0.0034743577241897585,0.49084436893463135,0.6409957408905029,-0.0034743577241897585,0.5499131679534912,0.742649495601654,-0.0034743577241897585,0.4833570718765259,0.7495197653770447,-0.0034743577241897585
18,0.5072522759437561,0.3641536831855774,0.011907783150672912,0.5530356764793396,0.4121055603027344,0,0.6012929677963257,0.4120630919933319,0.003969261050224305,0.4736504554748535,0.40845176577568054,0,0.41235193610191345,0.4088618755340576,0.003969261050224305,0.6417415738105774,0.35983332991600037,0.005953891575336457,0.3722756505012512,0.3646251857280731,0.005953891575336457,0.5405364036560059,0.5396190285682678,-0.0019846305251121524,0.49342796206474304,0.542513906955719,-0.0019846305251121524,0.5419121980667114,0.6416854858398438,-0.003969261050224305,0.48554593324661255,0.641767144203186,-0.003969261050224305,0.5521893501281738,0.7413966059684753,-0.003969261050224305,0.4784545600414276,0.7465884685516357,-0.003969261050224305
21,0.5090060234069824,0.36060795187950134,0.010306808352470397,0.5503087639808655,0.40029263496398926,0,0.6156640648841858,0.3760940730571747,0.0034356027841567997,0.4815967082977295,0.39915376901626587,0,0.4161618947982788,0.3811069428920746,0.0034356027841567997,0.625724196434021,0.3172537088394165,0.0051534041762351995,0.38501256704330444,0.3181874752044678,0.0051534041762351995,0.5398401021957397,0.5352152585983276,-0.0017178013920783998,0.49289780855178833,0.5377099514007568,-0.0017178013920783998,0.5456703901290894,0.6405798196792603,-0.0034356027841567997,0.48128485679626465,0.643480658531189,-0.0034356027841567997,0.5476140975952148,0.7381845712661743,-0.0034356027841567997,0.47516852617263794,0.7458310127258301,-0.0034356027841567997
24,0.5095085501670837,0.3530544638633728,0.01201646625995636,0.5532809495925903,0.39233362674713135,0,0.605474054813385,0.3654955327510834,0.0040054887533187864,0.4731711745262146,0.39197632670402527,0,0.42673763632774353,0.3595547080039978,0.0040054887533187864,0.6203440427780151,0.28504565358161926,0.006008233129978179,0.39600929617881775,0.291309118270874,0.006008233129978179,0.5355918407440186,0.5266953110694885,-0.0020027443766593932,0.48910701274871826,0.5290958285331726,-0.0020027443766593932,0.5435670614242554,0.6407516002655029,-0.0040054887533187864,0.47745734453201294,0.6432581543922424,-0.0040054887533187864,0.5505615472793579,0.7394129037857056,-0.0040054887533187864,0.47010061144828796,0.7420153617858887,-0.0040054887533187864
27,0.5103491544723511,0.35129687190055847,0.012096002697944641,0.556879997253418,0.39188748598098755,0,0.5943623781204224,0.3523719906806946,0.00403200089931488,0.47623997926712036,0.39191144704818726,0,0.4409788250923157,0.35887593030929565,0.00403200089931488,0.6107226610183716,0.27942967414855957,0.0060480013489723206,0.4104878306388855,0.292684942483902,0.0060480013489723206,0.5393885374069214,0.5303102135658264,-0.00201600044965744,0.4921017587184906,0.5289838910102844,-0.00201600044965744,0.5441756248474121,0.6427891850471497,-0.00403200089931488,0.48007091879844666,0.6449460983276367,-0.00403200089931488,0.5522856116294861,0.7428180575370789,-0.00403200089931488,0.47245603799819946,0.7490694522857666,-0.00403200089931488
30,0.508726954460144,0.3537430465221405,0.01071532666683197,0.5539194345474243,0.39375925064086914,0,0.5965011715888977,0.3550363779067993,0.003571775555610657,0.4824839234352112,0.39513683319091797,0,0.44928061962127686,0.35657787322998047,0.003571775555610657,0.6081628799438477,0.2812514305114746,0.005357663333415985,0.42090949416160583,0.2882569134235382,0.005357663333415985,0.541720986366272,0.5178618431091309,-0.0017858877778053285,0.49798592925071716,0.5184671878814697,-0.0017858877778053285,0.5440751910209656,0.6324933767318726,-0.003571775555610657,0.481136292219162,0.635277509689331,-0.003571775555610657,0.5546873807907104,0.739642858505249,-0.003571775555610657,0.47355711460113525,0.745521068572998,-0.003571775555610657
33,0.5071133375167847,0.3570824861526489,0.010422572493553162,0.5497832894325256,0.39536869525909424,0,0.5885766744613647,0.36033451557159424,0.003474190831184387,0.4802994728088379,0.3967307507991791,0,0.4477419853210449,0.3592172861099243,0.003474190831184387,0.602271556854248,0.2841922342777252,0.005211286246776581,0.4264589548110962,0.28595873713493347,0.005211286246776581,0.5377721786499023,0.5188543796539307,-0.0017370954155921936,0.4961037039756775,0.5184998512268066,-0.0017370954155921936,0.5420862436294556,0.6328017711639404,-0.003474190831184387,0.47984397411346436,0.6350209712982178,-0.003474190831184387,0.5550025701522827,0.7386777400970459,-0.003474190831184387,0.472709059715271,0.7446267604827881,-0.003474190831184387
36,0.5104003548622131,0.34905749559402466,0.010630640387535095,0.5524861812591553,0.39471957087516785,0,0.5826972126960754,0.3572821021080017,0.0,0.48161524534225464,0.39573606848716736,0,0.4475805163383484,0.3397716283798218,0.003543546795845032,0.599443793296814,0.28952935338020325,0.0,0.42602548003196716,0.2862771153450012,0.005315320193767548,0.5395215153694153,0.5191597938537598,-0.001771773397922516,0.4953181743621826,0.5181678533554077,-0.001771773397922516,0.5426972508430481,0.6357024312019348,-0.003543546795845032,0.4824824333190918,0.640720009803772,-0.003543546795845032,0.5531657934188843,0.7389509677886963,-0.003543546795845032,0.47075551748275757,0.7436203360557556,-0.003543546795845032
39,0.5070198774337769,0.354462206363678,0.010457347333431243,0.5511099100112915,0.3970954418182373,0,0.5857123136520386,0.36225950717926025,0.0034857824444770816,0.4813942611217499,0.39871320128440857,0,0.4520765244960785,0.3412107825279236,0.0034857824444770816,0.6010133028030396,0.28680989146232605,0.0052286736667156225,0.43054720759391785,0.28445151448249817,0.0052286736667156225,0.5417200922966003,0.5231122374534607,-0.0017428912222385408,0.494552344083786,0.5224802494049072,-0.0017428912222385408,0.5420562028884888,0.6397954225540161,-0.0034857824444770816,0.48132216930389404,0.6406009197235107,-0.0034857824444770816,0.553765058517456,0.7420579791069031,-0.0034857824444770816,0.47493141889572144,0.7466579675674438,-0.0034857824444770816
42,0.5057662725448608,0.3582470118999481,0.010110895335674285,0.5509891510009766,0.3992828130722046,0,0.5821322202682495,0.3682694435119629,0.0033702984452247623,0.4835831820964813,0.4017364978790283,0,0.45926105976104736,0.35788846015930176,0.0033702984452247623,0.6001361012458801,0.28667086362838745,0.0050554476678371435,0.43908998370170593,0.28307101130485535,0.0050554476678371435,0.541630208492279,0.5192591547966003,-0.0016851492226123812,0.4968407154083252,0.5196243524551392,-0.0016851492226123812,0.5414035320281982,0.6367008090019226,-0.0033702984452247623,0.47963735461235046,0.638585090637207,-0.0033702984452247623,0.5529122948646545,0.739997386932373,-0.0033702984452247623,0.4743628203868866,0.741797685623169,-0.0033702984452247623
45,0.5064054727554321,0.35844969749450684,0.00993647575378418,0.5508613586425781,0.398052453994751,0,0.5778343677520752,0.365790456533432,0.0033121585845947267,0.4846181869506836,0.3988298773765564,0,0.45915281772613525,0.3551098704338074,0.0033121585845947267,0.5988171100616455,0.28648507595062256,0.0049682378768920905,0.4392577111721039,0.2807845175266266,0.0049682378768920905,0.5417093634605408,0.5211948752403259,-0.0016560792922973634,0.49741077423095703,0.5203263163566589,-0.0016560792922973634,0.5417951345443726,0.6370631456375122,-0.0033121585845947267,0.4835472106933594,0.6429412961006165,-0.0033121585845947267,0.552660346031189,0.7400670051574707,-0.0033121585845947267,0.4731781482696533,0.7410944700241089,-0.0033121585845947267
48,0.5079303979873657,0.35384291410446167,0.010460186004638671,0.5506660342216492,0.39697739481925964,0,0.5846012234687805,0.36629030108451843,0.003486728668212891,0.48093146085739136,0.39866477251052856,0,0.46682652831077576,0.3614022433757782,0.003486728668212891,0.6034873723983765,0.282278835773468,0.0052300930023193365,0.4426506459712982,0.27649569511413574,0.0052300930023193365,0.5373778939247131,0.5167466402053833,-0.0017433643341064455,0.4943602979183197,0.5165872573852539,-0.0017433643341064455,0.5393216609954834,0.6392096877098083,-0.003486728668212891,0.48293790221214294,0.6430329084396362,-0.003486728668212891,0.5535541772842407,0.7423223257064819,-0.003486728668212891,0.4733451306819916,0.7462984919548035,-0.003486728668212891
51,0.5078537464141846,0.35443150997161865,0.01011318415403366,0.5523858070373535,0.39949262142181396,0,0.5854920148849487,0.36422738432884216,0.003371061384677887,0.4849645793437958,0.39972126483917236,0,0.46160635352134705,0.35387736558914185,0.003371061384677887,0.6042612195014954,0.2860681414604187,0.005056592077016831,0.4466092586517334,0.27636146545410156,0.005056592077016831,0.5398692488670349,0.5157991647720337,-0.0016855306923389435,0.4955974519252777,0.5148351192474365,-0.0016855306923389435,0.5408823490142822,0.6359148025512695,-0.003371061384677887,0.4821336269378662,0.6370236277580261,-0.003371061384677887,0.5547769069671631,0.741844117641449,-0.003371061384677887,0.475776731967926,0.746613621711731,-0.003371061384677887
54,0.5084629654884338,0.35607680678367615,0.009934982657432556,0.55228590965271,0.3996458649635315,0,0.5860118865966797,0.3654784858226776,0.0033116608858108523,0.4860526919364929,0.40057557821273804,0,0.4600759446620941,0.3543437421321869,0.0033116608858108523,0.6040587425231934,0.2879596948623657,0.004967491328716278,0.44923388957977295,0.2777438163757324,0.004967491328716278,0.5413631200790405,0.5188177824020386,-0.0016558304429054262,0.4983005225658417,0.5181655287742615,-0.0016558304429054262,0.5427870750427246,0.6373840570449829,-0.0033116608858108523,0.4840608835220337,0.6385444402694702,-0.0033116608858108523,0.5551669597625732,0.7420734763145447,-0.0033116608858108523,0.47586774826049805,0.747353196144104,-0.0033116608858108523
57,0.513443112373352,0.3543105125427246,0.010043129324913025,0.5536032915115356,0.3987378776073456,0,0.5872043371200562,0.3646232783794403,0.0033477097749710083,0.4866490960121155,0.39843711256980896,0,0.45829805731773376,0.3512333035469055,0.0033477097749710083,0.6040045619010925,0.28966501355171204,0.0050215646624565125,0.44835102558135986,0.2732120156288147,0.0050215646624565125,0.5429421663284302,0.5167828798294067,-0.0016738548874855042,0.5005327463150024,0.517019510269165,-0.0016738548874855042,0.543903648853302,0.6341001391410828,-0.0033477097749710083,0.4878323972225189,0.6355960965156555,-0.0033477097749710083,0.5557457208633423,0.7412960529327393,-0.0033477097749710083,0.4770554006099701,0.7475799918174744,-0.0033477097749710083
60,0.5135054588317871,0.35211771726608276,0.010574381053447723,0.5558199882507324,0.3975542485713959,0,0.5962740182876587,0.3621586561203003,0.003524793684482575,0.48532411456108093,0.3976669907569885,0,0.45505985617637634,0.34365975856781006,0.003524793684482575,0.6105581521987915,0.29066815972328186,0.005287190526723862,0.44468510150909424,0.278278648853302,0.005287190526723862,0.5392729640007019,0.5216488838195801,-0.0017623968422412874,0.49639761447906494,0.5206026434898376,-0.0017623968422412874,0.5405133962631226,0.6390064358711243,-0.003524793684482575,0.4831259846687317,0.6435221433639526,-0.003524793684482575,0.5534558892250061,0.7412320375442505,-0.003524793684482575,0.4714176058769226,0.745659589767456,-0.003524793684482575
63,0.5143256187438965,0.3539140820503235,0.0104933962225914,0.5557246208190918,0.39791303873062134,0,0.5930935740470886,0.36366796493530273,0.0034977987408638003,0.4857686460018158,0.3972385823726654,0,0.455936074256897,0.34388598799705505,0.0034977987408638003,0.6082730293273926,0.2916426658630371,0.0052466981112957,0.44663941860198975,0.27326375246047974,0.0052466981112957,0.5407838821411133,0.5246073007583618,-0.0017488993704319002,0.49508151412010193,0.5222398638725281,-0.0017488993704319002,0.5402014255523682,0.6379376649856567,-0.0034977987408638003,0.4818124771118164,0.6394550800323486,-0.0034977987408638003,0.5533316135406494,0.7406439781188965,-0.0034977987408638003,0.4749787747859955,0.7465227842330933,-0.0034977987408638003
66,0.5123506188392639,0.35524749755859375,0.01036645621061325,0.5545632839202881,0.3981703221797943,0,0.5923609137535095,0.3653494715690613,0.0034554854035377504,0.4854535758495331,0.3967408537864685,0,0.46182262897491455,0.34712207317352295,0.0034554854035377504,0.6078418493270874,0.2925609052181244,0.005183228105306626,0.4474090039730072,0.2730945348739624,0.005183228105306626,0.54073166847229,0.5248446464538574,-0.0017277427017688752,0.49593719840049744,0.5231409072875977,-0.0017277427017688752,0.5415076613426208,0.6380214691162109,-0.0034554854035377504,0.48167842626571655,0.63908851146698,-0.0034554854035377504,0.5530215501785278,0.739567756652832,-0.0034554854035377504,0.475069522857666,0.7456144690513611,-0.0034554854035377504
69,0.5140889883041382,0.3528826832771301,0.010230839252471924,0.5555441975593567,0.39765799045562744,0,0.5915071368217468,0.3623417317867279,0.0034102797508239746,0.4873386025428772,0.3979575037956238,0,0.4608454406261444,0.3489827811717987,0.0034102797508239746,0.6080433130264282,0.29060155153274536,0.005115419626235962,0.4472012519836426,0.2753758430480957,0.005115419626235962,0.541904628276825,0.5219892263412476,-0.0017051398754119873,0.4983912706375122,0.520714521408081,-0.0017051398754119873,0.543662428855896,0.6379956007003784,-0.0034102797508239746,0.4805196225643158,0.6387468576431274,-0.0034102797508239746,0.5551257133483887,0.737949550151825,-0.0034102797508239746,0.4745982885360718,0.7437771558761597,-0.0034102797508239746
72,0.5113006830215454,0.3555811047554016,0.010387623310089111,0.5551548004150391,0.3969602584838867,0,0.5915340781211853,0.3679705262184143,0.0034625411033630373,0.4859039783477783,0.3977368474006653,0,0.47047388553619385,0.3614382743835449,0.0034625411033630373,0.6069058179855347,0.2859994173049927,0.005193811655044556,0.44965964555740356,0.27729177474975586,0.005193811655044556,0.5444036722183228,0.5165020227432251,-0.0017312705516815186,0.500482976436615,0.5180918574333191,-0.0017312705516815186,0.5486205816268921,0.6391560435295105,-0.0034625411033630373,0.4805147349834442,0.638602614402771,-0.0034625411033630373,0.554840624332428,0.7421770095825195,-0.0034625411033630373,0.4747861325740814,0.7505266666412354,-0.0034625411033630373
75,0.5166283845901489,0.35373759269714355,0.010137028992176056,0.5562391877174377,0.3990545868873596,0,0.5951133966445923,0.3683032989501953,0.0033790096640586853,0.48865899443626404,0.3993557393550873,0,0.4696340262889862,0.36013156175613403,0.0033790096640586853,0.6069778800010681,0.2921098470687866,0.005068514496088028,0.4522962272167206,0.28056615591049194,0.005068514496088028,0.5436798334121704,0.5205851793289185,-0.0016895048320293427,0.5011299848556519,0.5199373364448547,-0.0016895048320293427,0.5523340702056885,0.6332168579101562,-0.0033790096640586853,0.4860624670982361,0.6351145505905151,-0.0033790096640586853,0.5562189221382141,0.7403522729873657,-0.0033790096640586853,0.4760981798171997,0.7494924068450928,-0.0033790096640586853
78,0.5134963393211365,0.35690635442733765,0.010023875534534455,0.555576503276825,0.39747342467308044,0,0.5917648077011108,0.36274370551109314,0.0033412918448448184,0.4887506663799286,0.39882692694664,0,0.46430742740631104,0.3544492721557617,0.0033412918448448184,0.6049228310585022,0.287759393453598,0.005011937767267227,0.4481857419013977,0.2777600884437561,0.005011937767267227,0.5432993769645691,0.5238806009292603,-0.0016706459224224092,0.4892306923866272,0.5243834257125854,-0.0016706459224224092,0.5510950088500977,0.6361971497535706,-0.0033412918448448184,0.4815557599067688,0.639633059501648,-0.0033412918448448184,0.5535340309143066,0.7430660128593445,-0.0033412918448448184,0.47243428230285645,0.7463952302932739,-0.0033412918448448184
81,0.506546139717102,0.363878071308136,0.010144758224487304,0.5520206093788147,0.4022309482097626,0,0.5875265002250671,0.3643009066581726,0.003381586074829102,0.48438888788223267,0.404661625623703,0,0.4590739905834198,0.3553265929222107,0.003381586074829102,0.6012502312660217,0.28742265701293945,0.005072379112243653,0.4488881230354309,0.27732932567596436,0.005072379112243653,0.538518488407135,0.5373005867004395,-0.001690793037414551,0.49612462520599365,0.5376548767089844,-0.001690793037414551,0.5428385138511658,0.6494607329368591,-0.003381586074829102,0.47955143451690674,0.6526380777359009,-0.003381586074829102,0.5505108833312988,0.7462350726127625,-0.003381586074829102,0.4707161784172058,0.745492696762085,-0.003381586074829102
84,0.5089003443717957,0.36602792143821716,0.010710597038269043,0.5537899136543274,0.4100662171840668,0,0.5857077836990356,0.3705035448074341,0.0035701990127563477,0.48238593339920044,0.4119279384613037,0,0.46043115854263306,0.35909557342529297,0.0035701990127563477,0.6015229225158691,0.2849418818950653,0.0053552985191345215,0.44947338104248047,0.2804146707057953,0.0053552985191345215,0.539312481880188,0.5337240099906921,-0.0017850995063781738,0.49640196561813354,0.5337796211242676,-0.0017850995063781738,0.5429055690765381,0.6532717347145081,-0.0035701990127563477,0.4830455482006073,0.6574409604072571,-0.0035701990127563477,0.5477719902992249,0.7411316633224487,-0.0035701990127563477,0.4713544547557831,0.7469497919082642,-0.0035701990127563477
87,0.512128472328186,0.3753013014793396,0.009970428049564361,0.5526583790779114,0.41663575172424316,0,0.5813527703285217,0.37439602613449097,0.003323476016521454,0.4861888587474823,0.41690993309020996,0,0.4587852358818054,0.35063886642456055,0.003323476016521454,0.6034442186355591,0.2870557904243469,0.0049852140247821815,0.45182323455810547,0.27918633818626404,0.0049852140247821815,0.5384957790374756,0.5416285991668701,-0.001661738008260727,0.4918547570705414,0.5405480861663818,-0.001661738008260727,0.5463166832923889,0.6633247137069702,-0.003323476016521454,0.4769865870475769,0.6694217920303345,-0.003323476016521454,0.5498783588409424,0.7476059794425964,-0.003323476016521454,0.46806198358535767,0.7522573471069336,-0.003323476016521454
90,0.5159873962402344,0.3763248324394226,0.009970781207084655,0.5513432025909424,0.4259902834892273,0,0.5944281220436096,0.3783682584762573,0.0033235937356948853,0.4848713278770447,0.425215482711792,0,0.4717637002468109,0.3621070086956024,0.0033235937356948853,0.6042337417602539,0.2928193509578705,0.004985390603542328,0.4542602300643921,0.2910681962966919,0.004985390603542328,0.5405731201171875,0.5564117431640625,-0.0016617968678474427,0.4894845485687256,0.5532107353210449,-0.0016617968678474427,0.5526055097579956,0.6662868857383728,-0.0033235937356948853,0.47246620059013367,0.675193190574646,-0.0033235937356948853,0.5536879301071167,0.7536860704421997,-0.0033235937356948853,0.46676117181777954,0.7558056116104126,-0.0033235937356948853
93,0.5155187845230103,0.38371163606643677,0.009985730051994324,0.5468679666519165,0.43392229080200195,0,0.5945707559585571,0.3882482051849365,0.003328576683998108,0.48029643297195435,0.43124139308929443,0,0.46145427227020264,0.3624083399772644,0.003328576683998108,0.6043592691421509,0.305006206035614,0.004992865025997162,0.45314785838127136,0.29211267828941345,0.004992865025997162,0.5355052351951599,0.5642980933189392,-0.001664288341999054,0.4879831075668335,0.562550961971283,-0.001664288341999054,0.5508226156234741,0.6692467927932739,-0.003328576683998108,0.47452422976493835,0.6756319403648376,-0.003328576683998108,0.5529809594154358,0.7539633512496948,-0.003328576683998108,0.4720463752746582,0.7551206946372986,-0.003328576683998108
96,0.5098440647125244,0.3913591504096985,0.010235399007797241,0.5481232404708862,0.4356410503387451,0,0.5989872217178345,0.3949202299118042,0.003411799669265747,0.4798872470855713,0.43565019965171814,0,0.4556434154510498,0.3723216652870178,0.003411799669265747,0.6053251028060913,0.3055124282836914,0.005117699503898621,0.44195693731307983,0.29742196202278137,0.005117699503898621,0.5323349237442017,0.5653243064880371,-0.0017058998346328735,0.48723411560058594,0.5621727705001831,-0.0017058998346328735,0.5527189373970032,0.6721915006637573,-0.003411799669265747,0.4723329246044159,0.6777800917625427,-0.003411799669265747,0.5546448230743408,0.7564405798912048,-0.003411799669265747,0.4755295515060425,0.7637064456939697,-0.003411799669265747
99,0.5054579973220825,0.3953683376312256,0.010661235451698304,0.5510495901107788,0.4373900890350342,0,0.587173342704773,0.39324355125427246,0.0,0.4799746870994568,0.43780022859573364,0,0.45324456691741943,0.3718284070491791,0.0035537451505661013,0.6034730672836304,0.30801627039909363,0.0,0.44863390922546387,0.3025376796722412,0.005330617725849152,0.5335202217102051,0.5681198835372925,-0.0017768725752830507,0.4886546730995178,0.5659102201461792,-0.0017768725752830507,0.545930802822113,0.6741306185722351,-0.0035537451505661013,0.474931001663208,0.674942672252655,-0.0035537451505661013,0.5518842935562134,0.7571957111358643,-0.0035537451505661013,0.4757162928581238,0.7597291469573975,-0.0035537451505661013
102,0.5176115036010742,0.396435022354126,0.01038641631603241,0.5505260229110718,0.44373470544815063,0,0.5970240831375122,0.40026888251304626,0.0034621387720108034,0.4812832474708557,0.44259151816368103,0,0.45351728796958923,0.3926820755004883,0.0034621387720108034,0.6127779483795166,0.3216220736503601,0.0051932081580162055,0.44344615936279297,0.31162551045417786,0.0051932081580162055,0.5362220406532288,0.575811505317688,-0.0017310693860054017,0.4911702275276184,0.5720551013946533,-0.0017310693860054017,0.5465995073318481,0.6761459112167358,-0.0034621387720108034,0.47380194067955017,0.6770528554916382,-0.0034621387720108034,0.5519100427627563,0.7559138536453247,-0.0034621387720108034,0.4731903076171875,0.7567980289459229,-0.0034621387720108034
105,0.520521879196167,0.4169653058052063,0.01034676879644394,0.5550931692123413,0.45801112055778503,0,0.6002384424209595,0.4034566879272461,0.00344892293214798,0.4861147105693817,0.45318731665611267,0,0.4497947692871094,0.39124080538749695,0.00344892293214798,0.6151108145713806,0.3302634358406067,0.00517338439822197,0.44182485342025757,0.3108972907066345,0.00517338439822197,0.5380529165267944,0.594158411026001,-0.00172446146607399,0.49160727858543396,0.5877944231033325,-0.00172446146607399,0.5480764508247375,0.6873831748962402,-0.00344892293214798,0.4735875725746155,0.6924919486045837,-0.00344892293214798,0.5486966967582703,0.7547445297241211,-0.00344892293214798,0.4727408289909363,0.7556949853897095,-0.00344892293214798
108,0.5215446949005127,0.42338642477989197,0.010383756458759308,0.5564903616905212,0.46833500266075134,0,0.6032541990280151,0.4078788161277771,0.0034612521529197695,0.48726531863212585,0.464334100484848,0,0.457603394985199,0.3956631124019623,0.0034612521529197695,0.6175757646560669,0.34136638045310974,0.005191878229379655,0.44176286458969116,0.3235749900341034,0.0,0.5407576560974121,0.6073842644691467,-0.0017306260764598847,0.4947919249534607,0.600094735622406,-0.0017306260764598847,0.5504604578018188,0.6926486492156982,-0.0034612521529197695,0.4725891947746277,0.6977139711380005,-0.0034612521529197695,0.5503529906272888,0.7574894428253174,-0.0034612521529197695,0.4729938209056854,0.759943425655365,-0.0034612521529197695
111,0.5248763561248779,0.4377405643463135,0.009381169080734253,0.5523931980133057,0.47597718238830566,0,0.5996432304382324,0.4175087809562683,0.003127056360244751,0.48985207080841064,0.47550928592681885,0,0.4563240706920624,0.41820991039276123,0.003127056360244751,0.6155606508255005,0.35210156440734863,0.004690584540367127,0.44213101267814636,0.3524245619773865,0.004690584540367127,0.5411964654922485,0.6172019243240356,-0.0015635281801223756,0.4967605471611023,0.6085371971130371,-0.0015635281801223756,0.5480144023895264,0.6968680620193481,-0.003127056360244751,0.4736354947090149,0.6990801692008972,-0.003127056360244751,0.5475970506668091,0.758826732635498,-0.003127056360244751,0.475599467754364,0.7597609758377075,-0.003127056360244751
114,0.5161468982696533,0.4431478679180145,0.010000137984752655,0.5481613874435425,0.4863284230232239,0,0.5857091546058655,0.4424527585506439,0.0033333793282508853,0.4814938008785248,0.48536550998687744,0,0.45179808139801025,0.4320369362831116,0.0033333793282508853,0.6131779551506042,0.36761996150016785,0.005000068992376328,0.4370874762535095,0.36061882972717285,0.005000068992376328,0.5420926809310913,0.6258355975151062,-0.0016666896641254426,0.4901290535926819,0.6206542253494263,-0.0016666896641254426,0.5427104234695435,0.6840311288833618,-0.0033333793282508853,0.47493526339530945,0.6857461929321289,-0.0033333793282508853,0.5479919910430908,0.753487229347229,-0.0033333793282508853,0.47694408893585205,0.7560622692108154,-0.0033333793282508853
117,0.516053318977356,0.45827144384384155,0.010586348176002501,0.5473954677581787,0.5032650828361511,0,0.5841168165206909,0.4494151771068573,0.0035287827253341676,0.47681981325149536,0.5062642097473145,0,0.4398782253265381,0.44694000482559204,0.0035287827253341676,0.6057870388031006,0.3844614028930664,0.005293174088001252,0.4318631589412689,0.3837989270687103,0.005293174088001252,0.5344717502593994,0.6407809853553772,-0.0017643913626670838,0.4881083369255066,0.6371273994445801,-0.0017643913626670838,0.5444933176040649,0.6779527068138123,-0.0035287827253341676,0.4756225049495697,0.6741844415664673,-0.0035287827253341676,0.5484111309051514,0.7525476813316345,-0.0035287827253341676,0.47596776485443115,0.7537681460380554,-0.0035287827253341676
120,0.5148507356643677,0.4830542504787445,0.009000568091869355,0.5428941249847412,0.5238587856292725,0,0.5817191004753113,0.47993969917297363,0.0030001893639564517,0.4828903377056122,0.5242917537689209,0,0.4271514415740967,0.47644442319869995,0.0030001893639564517,0.607617199420929,0.3999497592449188,0.004500284045934677,0.4261111915111542,0.40813979506492615,0.004500284045934677,0.526007890701294,0.6543547511100769,-0.0015000946819782258,0.4764140546321869,0.6546157002449036,-0.0015000946819782258,0.5407677292823792,0.6503434181213379,-0.0030001893639564517,0.48115307092666626,0.6582139134407043,-0.0030001893639564517,0.5469040274620056,0.7467621564865112,-0.0030001893639564517,0.48006290197372437,0.7498010993003845,-0.0030001893639564517
123,0.5127541422843933,0.5008211135864258,0.010209640860557556,0.5431228280067444,0.5401676893234253,0,0.5815731883049011,0.4861307144165039,0.0034032136201858523,0.47505855560302734,0.5414357781410217,0,0.42431825399398804,0.48390132188796997,0.0034032136201858523,0.6067294478416443,0.4180337190628052,0.005104820430278778,0.4196307361125946,0.4250085949897766,0.005104820430278778,0.5295677185058594,0.6606005430221558,-0.0017016068100929262,0.4788065552711487,0.6581494808197021,-0.0017016068100929262,0.5411781072616577,0.6839832663536072,-0.0034032136201858523,0.478829562664032,0.6986459493637085,-0.0034032136201858523,0.5451186895370483,0.758076548576355,-0.0034032136201858523,0.47950631380081177,0.7592947483062744,-0.0034032136201858523
126,0.5065797567367554,0.515832781791687,0.010481201112270355,0.5428812503814697,0.5485315322875977,0,0.5797147750854492,0.4962535798549652,0.0034937337040901184,0.47300657629966736,0.5451226830482483,0,0.4256349503993988,0.49210184812545776,0.0034937337040901184,0.6091378927230835,0.4247722625732422,0.005240600556135178,0.41758114099502563,0.44214916229248047,0.005240600556135178,0.5318467020988464,0.6702613830566406,-0.0017468668520450592,0.48062193393707275,0.6672312021255493,-0.0017468668520450592,0.5428833961486816,0.6794737577438354,-0.0034937337040901184,0.475885272026062,0.6954452991485596,-0.0034937337040901184,0.5466492176055908,0.7498695850372314,-0.0034937337040901184,0.4773828685283661,0.7538831233978271,-0.0034937337040901184
129,0.5091303586959839,0.5129473805427551,0.010384941101074218,0.5398812294006348,0.5465612411499023,0,0.5796130895614624,0.4966999888420105,0.0034616470336914064,0.47064828872680664,0.5431554913520813,0,0.4246130883693695,0.49104607105255127,0.0034616470336914064,0.6037493944168091,0.4300055503845215,0.00519247055053711,0.4116649627685547,0.44409435987472534,0.0,0.5304117798805237,0.655997633934021,-0.0017308235168457032,0.47940319776535034,0.6561602354049683,-0.0017308235168457032,0.5435688495635986,0.6753584742546082,-0.0034616470336914064,0.4783951938152313,0.6795105934143066,-0.0034616470336914064,0.545892596244812,0.7456609010696411,-0.0034616470336914064,0.4799443185329437,0.7519629001617432,-0.0034616470336914064
132,0.5073680281639099,0.5164721608161926,0.01044730246067047,0.541183352470398,0.5494737029075623,0,0.5792270302772522,0.5105825662612915,0.003482434153556824,0.4715346693992615,0.5421452522277832,0,0.42595505714416504,0.5061673521995544,0.003482434153556824,0.6066237688064575,0.43461740016937256,0.005223651230335236,0.4071407914161682,0.45489245653152466,0.005223651230335236,0.5268158912658691,0.6627511978149414,-0.001741217076778412,0.4768703877925873,0.665149450302124,-0.001741217076778412,0.538512647151947,0.6548062562942505,-0.003482434153556824,0.47968345880508423,0.6614776849746704,-0.003482434153556824,0.5442607402801514,0.7403761744499207,-0.003482434153556824,0.48268014192581177,0.7484492659568787,-0.003482434153556824
135,0.5098548531532288,0.5184260606765747,0.009728962182998657,0.5397307872772217,0.5513327121734619,0,0.5785782337188721,0.5096418261528015,0.003242987394332886,0.47487103939056396,0.5462348461151123,0,0.42955896258354187,0.4982024133205414,0.003242987394332886,0.6058927774429321,0.43504756689071655,0.004864481091499329,0.4115617871284485,0.4491323232650757,0.004864481091499329,0.5252963900566101,0.6634551882743835,-0.001621493697166443,0.4762730002403259,0.6630876660346985,-0.001621493697166443,0.5401461124420166,0.6572719216346741,-0.003242987394332886,0.47781452536582947,0.6656486988067627,-0.003242987394332886,0.544581949710846,0.7462558746337891,-0.003242987394332886,0.4798220098018646,0.7499038577079773,-0.003242987394332886
138,0.5121486186981201,0.5144953727722168,0.00895998179912567,0.5387862920761108,0.5495103597640991,0,0.5788913369178772,0.5044820308685303,0.0029866605997085575,0.4790530800819397,0.5446019768714905,0,0.42919883131980896,0.4920966625213623,0.0029866605997085575,0.6068531274795532,0.43314942717552185,0.004479990899562836,0.41471970081329346,0.44317203760147095,0.004479990899562836,0.5219334363937378,0.6631922721862793,-0.0014933302998542787,0.47707056999206543,0.6606135368347168,-0.0014933302998542787,0.5357463359832764,0.6597627401351929,-0.0029866605997085575,0.4747775197029114,0.6746858358383179,0.0,0.540164589881897,0.7481030225753784,-0.0029866605997085575,0.477449506521225,0.75069260597229,0.0
141,0.5165835618972778,0.498890221118927,0.010069182515144348,0.5389895439147949,0.5414898991584778,0,0.582466721534729,0.49009451270103455,0.003356394171714783,0.47186166048049927,0.5385922789573669,0,0.4188326299190521,0.49167901277542114,0.003356394171714783,0.6097899675369263,0.42273566126823425,0.0,0.4105256199836731,0.4392639100551605,0.0,0.5217066407203674,0.6667977571487427,-0.0016781970858573915,0.4806578755378723,0.6656481027603149,-0.0016781970858573915,0.5481486320495605,0.662411093711853,-0.003356394171714783,0.48495587706565857,0.6736246943473816,-0.003356394171714783,0.5391960740089417,0.7460137605667114,-0.003356394171714783,0.4820629060268402,0.7548456192016602,-0.003356394171714783
144,0.516983151435852,0.47681283950805664,0.009059375524520874,0.5454161763191223,0.5138697028160095,0,0.5822615623474121,0.46230369806289673,0.0030197918415069583,0.48502033948898315,0.5176182985305786,0,0.4235578775405884,0.4757389724254608,0.0030197918415069583,0.6011413931846619,0.4062633216381073,0.004529687762260437,0.4136471152305603,0.4126478433609009,0.004529687762260437,0.5239535570144653,0.6428039073944092,-0.0015098959207534791,0.4825257956981659,0.641694962978363,-0.0015098959207534791,0.5414986610412598,0.6552045941352844,-0.0030197918415069583,0.48015475273132324,0.6624902486801147,-0.0030197918415069583,0.5484498739242554,0.7511065006256104,-0.0030197918415069583,0.4773639440536499,0.7518638968467712,-0.0030197918415069583
147,0.5140588283538818,0.4462833106517792,0.00945899337530136,0.5477509498596191,0.48957669734954834,0,0.5832738876342773,0.4439549148082733,0.0031529977917671204,0.48469099402427673,0.4906507432460785,0,0.4383912980556488,0.45062386989593506,0.0031529977917671204,0.6096458435058594,0.37064123153686523,0.004729496687650681,0.41638851165771484,0.3798027038574219,0.004729496687650681,0.5341587662696838,0.6342220306396484,-0.0015764988958835602,0.48665088415145874,0.6303412914276123,-0.0015764988958835602,0.5442194938659668,0.6903811693191528,-0.0031529977917671204,0.47443991899490356,0.6926734447479248,-0.0031529977917671204,0.546930193901062,0.7575992941856384,-0.0031529977917671204,0.47737812995910645,0.759039044380188,-0.0031529977917671204
150,0.5172836780548096,0.4395841062068939,0.01039721667766571,0.5489636659622192,0.471046507358551,0,0.5926076173782349,0.41638654470443726,0.003465738892555237,0.4796488881111145,0.47356659173965454,0,0.44423460960388184,0.44342344999313354,0.003465738892555237,0.6097816824913025,0.35415494441986084,0.005198608338832855,0.42114704847335815,0.3633742034435272,0.005198608338832855,0.5358755588531494,0.6181507110595703,-0.0017328694462776185,0.49360963702201843,0.6128709316253662,-0.0017328694462776185,0.5465623140335083,0.6927775740623474,-0.003465738892555237,0.47541874647140503,0.69328373670578,-0.003465738892555237,0.5473138689994812,0.7537638545036316,-0.003465738892555237,0.47437214851379395,0.7570726871490479,-0.003465738892555237
153,0.5139006972312927,0.40228700637817383,0.009995189309120177,0.5495056509971619,0.44222673773765564,0,0.5949967503547668,0.4014398753643036,0.003331729769706726,0.48287105560302734,0.44153067469596863,0,0.4416128993034363,0.4017101526260376,0.003331729769706726,0.6108903884887695,0.322578489780426,0.0049975946545600895,0.4270718991756439,0.32247501611709595,0.0049975946545600895,0.541572630405426,0.5849529504776001,-0.001665864884853363,0.49092528223991394,0.5791365504264832,-0.001665864884853363,0.5404713153839111,0.6797711849212646,-0.003331729769706726,0.4737725257873535,0.6853947043418884,-0.003331729769706726,0.5450164675712585,0.7532365322113037,-0.003331729769706726,0.4732760190963745,0.75516676902771,-0.003331729769706726
156,0.5119143724441528,0.39708876609802246,0.00984119474887848,0.546658992767334,0.4353046417236328,0,0.5909918546676636,0.39238303899765015,0.00328039824962616,0.4810510277748108,0.43415623903274536,0,0.45140501856803894,0.380278080701828,0.00328039824962616,0.6053686738014221,0.30600979924201965,0.00492059737443924,0.4269709587097168,0.29990115761756897,0.00492059737443924,0.5416989326477051,0.5715290307998657,-0.00164019912481308,0.4892066717147827,0.5669407844543457,-0.00164019912481308,0.5470746755599976,0.677741527557373,-0.00328039824962616,0.4758192300796509,0.6833076477050781,-0.00328039824962616,0.5502243638038635,0.7545012831687927,-0.00328039824962616,0.4734312891960144,0.758442759513855,-0.00328039824962616
159,0.5160980224609375,0.38287675380706787,0.01090867817401886,0.5475882291793823,0.42554256319999695,0,0.5823368430137634,0.3852965235710144,0.0036362260580062866,0.4748637080192566,0.4250570237636566,0,0.44778650999069214,0.35839781165122986,0.0036362260580062866,0.6079986691474915,0.2928543984889984,0.00545433908700943,0.4262639284133911,0.29677051305770874,0.00545433908700943,0.5346502661705017,0.5657885670661926,-0.0018181130290031433,0.4849414825439453,0.5634039640426636,-0.0018181130290031433,0.540871262550354,0.677823007106781,-0.0036362260580062866,0.4723444879055023,0.6806076765060425,-0.0036362260580062866,0.5462108254432678,0.7540072202682495,-0.0036362260580062866,0.4697616994380951,0.7539762258529663,-0.0036362260580062866
162,0.5098459720611572,0.3720185160636902,0.011126187443733214,0.5524012446403503,0.4140400290489197,0,0.5837119221687317,0.3754812180995941,0.003708729147911072,0.4782266616821289,0.4130086302757263,0,0.44707104563713074,0.35980579257011414,0.003708729147911072,0.6042294502258301,0.29039984941482544,0.005563093721866608,0.4296019971370697,0.29522186517715454,0.005563093721866608,0.5358822345733643,0.5450360774993896,-0.001854364573955536,0.4912712275981903,0.5440173745155334,-0.001854364573955536,0.5428061485290527,0.6575747728347778,-0.003708729147911072,0.47983741760253906,0.664435863494873,-0.003708729147911072,0.549027681350708,0.7466709613800049,-0.003708729147911072,0.46896475553512573,0.7480408549308777,-0.003708729147911072
165,0.5113241076469421,0.3657846450805664,0.010946586728096008,0.5542265176773071,0.4059230089187622,0,0.5868446230888367,0.37004798650741577,0.0036488622426986694,0.48124927282333374,0.4065828323364258,0,0.4500921964645386,0.3624531626701355,0.0036488622426986694,0.6097182631492615,0.2846357822418213,0.005473293364048004,0.42891332507133484,0.28185009956359863,0.005473293364048004,0.5361996293067932,0.5446851849555969,-0.0018244311213493347,0.49087223410606384,0.5449544787406921,-0.0018244311213493347,0.5379809737205505,0.6542991399765015,-0.0036488622426986694,0.4775056838989258,0.6590914130210876,-0.0036488622426986694,0.5464881658554077,0.7465264797210693,-0.0036488622426986694,0.466216504573822,0.746841311454773,-0.0036488622426986694
168,0.5130964517593384,0.3592984676361084,0.01082116663455963,0.5532175898551941,0.4009624719619751,0,0.585787296295166,0.36902374029159546,0.0,0.4810764789581299,0.4011802077293396,0,0.45385003089904785,0.3619353771209717,0.003607055544853211,0.6086786389350891,0.28810733556747437,0.0,0.434384286403656,0.2891225814819336,0.005410583317279816,0.5384330749511719,0.5349337458610535,-0.0018035277724266054,0.4957342743873596,0.5356320142745972,-0.0018035277724266054,0.5386649966239929,0.6479625701904297,-0.003607055544853211,0.48135921359062195,0.6502752304077148,-0.003607055544853211,0.546768069267273,0.7467769384384155,-0.003607055544853211,0.4699283540248871,0.7499911785125732,-0.003607055544853211
171,0.5176846981048584,0.3531392514705658,0.01041421741247177,0.5528980493545532,0.3975332975387573,0,0.6031824350357056,0.3638516664505005,0.003471405804157257,0.4834699332714081,0.3934975564479828,0,0.4514101445674896,0.3487262427806854,0.003471405804157257,0.6116833686828613,0.2889062166213989,0.005207108706235886,0.43383920192718506,0.28053921461105347,0.005207108706235886,0.5431544780731201,0.5269834995269775,-0.0017357029020786286,0.48826897144317627,0.5275031328201294,-0.0017357029020786286,0.5450129508972168,0.636144757270813,-0.003471405804157257,0.4826326370239258,0.6419822573661804,-0.003471405804157257,0.5498589873313904,0.744520902633667,-0.003471405804157257,0.47350990772247314,0.7475104331970215,-0.003471405804157257
174,0.515687108039856,0.35477352142333984,0.010842968523502349,0.5559517741203308,0.3963391184806824,0,0.5952239036560059,0.3662109375,0.00361432284116745,0.4836653172969818,0.39603662490844727,0,0.4547727704048157,0.35706669092178345,0.00361432284116745,0.6067397594451904,0.2906649112701416,0.005421484261751175,0.4347488284111023,0.2834555506706238,0.005421484261751175,0.5414549708366394,0.522334635257721,-0.001807161420583725,0.4981474280357361,0.5223568081855774,-0.001807161420583725,0.5414336919784546,0.630386471748352,-0.00361432284116745,0.4813634753227234,0.6355915069580078,-0.00361432284116745,0.5530884265899658,0.7403725385665894,-0.00361432284116745,0.4709354341030121,0.7462337017059326,-0.00361432284116745
177,0.5144062638282776,0.35509467124938965,0.00998300313949585,0.551852822303772,0.3940204977989197,0,0.5937727093696594,0.36685997247695923,0.003327667713165283,0.4852994680404663,0.39439713954925537,0,0.4554235637187958,0.3544939458370209,0.003327667713165283,0.6068302989006042,0.29065531492233276,0.004991501569747925,0.4347103238105774,0.284820556640625,0.004991501569747925,0.545028805732727,0.5201611518859863,-0.0016638338565826416,0.4992615878582001,0.5200470089912415,-0.0016638338565826416,0.5438687205314636,0.6296553611755371,-0.003327667713165283,0.4814995527267456,0.635109543800354,-0.003327667713165283,0.555378794670105,0.7394564151763916,-0.003327667713165283,0.47291916608810425,0.7461556196212769,-0.003327667713165283
180,0.5136458873748779,0.34902310371398926,0.010383179783821106,0.552695631980896,0.39532333612442017,0,0.5962584018707275,0.3675771653652191,0.0,0.4834744334220886,0.39617428183555603,0,0.4563540816307068,0.35298681259155273,0.003461059927940369,0.6101974248886108,0.28813156485557556,0.0,0.43573033809661865,0.28624677658081055,0.005191589891910553,0.5463213920593262,0.5208830833435059,-0.0017305299639701845,0.49962592124938965,0.5213944315910339,-0.0017305299639701845,0.5468449592590332,0.6344935894012451,-0.003461059927940369,0.4829133152961731,0.6386880874633789,-0.003461059927940369,0.5561960935592651,0.7413740158081055,-0.003461059927940369,0.4758833646774292,0.7485600709915161,-0.003461059927940369
183,0.5175478458404541,0.35135501623153687,0.010387900471687316,0.554684042930603,0.39339885115623474,0,0.594735860824585,0.3696969151496887,0.0,0.48543137311935425,0.3950399160385132,0,0.45505666732788086,0.3581947982311249,0.0034626334905624393,0.612884521484375,0.28866878151893616,0.0,0.4366348385810852,0.2862960696220398,0.005193950235843659,0.5492676496505737,0.5181601643562317,-0.0017313167452812197,0.4921082854270935,0.5191709995269775,-0.0017313167452812197,0.547905683517456,0.6293393969535828,-0.0034626334905624393,0.4817698895931244,0.635321319103241,-0.0034626334905624393,0.552627682685852,0.7392134666442871,-0.0034626334905624393,0.4741581082344055,0.7458176016807556,-0.0034626334905624393
186,0.5170973539352417,0.3530914783477783,0.010240624845027923,0.5542035102844238,0.39423784613609314,0,0.5982909798622131,0.36916297674179077,0.003413541615009308,0.48593267798423767,0.39689958095550537,0,0.45638343691825867,0.362917959690094,0.003413541615009308,0.6105728149414062,0.29292818903923035,0.005120312422513962,0.43808382749557495,0.28618907928466797,0.005120312422513962,0.5489246845245361,0.5181772708892822,-0.001706770807504654,0.5010855197906494,0.5194729566574097,-0.001706770807504654,0.5473398566246033,0.6293879747390747,-0.003413541615009308,0.4808812737464905,0.6359677314758301,-0.003413541615009308,0.5523478984832764,0.7372199296951294,-0.003413541615009308,0.47427675127983093,0.7437727451324463,-0.003413541615009308
189,0.515640139579773,0.3566068112850189,0.009955005347728729,0.5523035526275635,0.3945712745189667,0,0.588096559047699,0.36475488543510437,0.0,0.48593685030937195,0.39789658784866333,0,0.456814169883728,0.35542795062065125,0.0033183351159095766,0.6111438274383545,0.2871493101119995,0.0,0.4391813278198242,0.2809908092021942,0.004977502673864365,0.5495831966400146,0.5210866928100586,-0.0016591675579547883,0.4902631640434265,0.5230512619018555,-0.0016591675579547883,0.5531419515609741,0.63559889793396,-0.0033183351159095766,0.48367923498153687,0.6429038643836975,-0.0033183351159095766,0.5544625520706177,0.7386652231216431,-0.0033183351159095766,0.4747283458709717,0.7453581690788269,-0.0033183351159095766
192,0.523427426815033,0.3532026410102844,0.009567265212535857,0.5551413297653198,0.39552685618400574,0,0.6182215213775635,0.365824431180954,0.0031890884041786195,0.49135956168174744,0.3967074751853943,0,0.43714451789855957,0.3602289855480194,0.0031890884041786195,0.6177314519882202,0.29284489154815674,0.004783632606267929,0.44630175828933716,0.2903813123703003,0.004783632606267929,0.543933629989624,0.522281289100647,-0.0015945442020893097,0.5023896098136902,0.5229519009590149,-0.0015945442020893097,0.537511944770813,0.6317108869552612,-0.0031890884041786195,0.48341745138168335,0.6370553970336914,-0.0031890884041786195,0.5514180660247803,0.7416762113571167,-0.0031890884041786195,0.47428643703460693,0.7465655207633972,-0.0031890884041786195
195,0.5357825756072998,0.3537554144859314,0.010074734687805176,0.5650196075439453,0.39535313844680786,0,0.6286987066268921,0.39249640703201294,0.0033582448959350586,0.49785470962524414,0.3967280983924866,0,0.42667943239212036,0.39425015449523926,0.0033582448959350586,0.6378178596496582,0.3338680863380432,0.005037367343902588,0.4388080835342407,0.3238039016723633,0.005037367343902588,0.5552802085876465,0.5372228622436523,-0.0016791224479675293,0.49765920639038086,0.5371417999267578,-0.0016791224479675293,0.5511661767959595,0.6417661905288696,-0.0033582448959350586,0.48687589168548584,0.6473535299301147,-0.0033582448959350586,0.5508996248245239,0.7369910478591919,-0.0033582448959350586,0.47594159841537476,0.7395926713943481,-0.0033582448959350586
198,0.5477750301361084,0.34975796937942505,0.012344563007354736,0.5788787007331848,0.39915844798088074,0,0.6273428797721863,0.4333333969116211,0.004114854335784912,0.4965816140174866,0.39893874526023865,0,0.458024263381958,0.44216853380203247,0.004114854335784912,0.6422874331474304,0.38837680220603943,0.006172281503677369,0.43838047981262207,0.42696771025657654,0.006172281503677369,0.556778073310852,0.5295396447181702,-0.002057427167892456,0.5087214708328247,0.5307901501655579,-0.002057427167892456,0.5570628643035889,0.6430318355560303,-0.004114854335784912,0.5004826784133911,0.6451843976974487,-0.004114854335784912,0.5486458539962769,0.7412436008453369,-0.004114854335784912,0.4775082767009735,0.7406814098358154,-0.004114854335784912
201,0.5658391118049622,0.350624680519104,0.010311153531074523,0.5932985544204712,0.4012119472026825,0,0.6206111907958984,0.4489944875240326,0.0034370511770248414,0.5245575308799744,0.3989066481590271,0,0.5108813047409058,0.4639626145362854,0.0034370511770248414,0.6532612442970276,0.43397387862205505,0.005155576765537262,0.4714038372039795,0.4904002547264099,0.005155576765537262,0.5806423425674438,0.5286176204681396,-0.0017185255885124207,0.537307858467102,0.5288853049278259,-0.0017185255885124207,0.5793264508247375,0.6307855844497681,-0.0034370511770248414,0.5539252758026123,0.635434091091156,-0.0034370511770248414,0.5641990900039673,0.735149621963501,-0.0034370511770248414,0.543413519859314,0.7434744238853455,-0.0034370511770248414
204,0.589607298374176,0.3469712734222412,0.007826042175292968,0.5955106019973755,0.3967912793159485,0,0.6006264686584473,0.46136733889579773,0.0,0.5433369874954224,0.39597997069358826,0,0.5210126638412476,0.46966275572776794,0.0026086807250976563,0.6294770240783691,0.47471922636032104,0.0,0.5043054819107056,0.5109547972679138,0.003913021087646485,0.5791383981704712,0.5330524444580078,-0.0013043403625488282,0.5518794655799866,0.5347143411636353,-0.0013043403625488282,0.5783064365386963,0.646786093711853,-0.0026086807250976563,0.5814293622970581,0.6542369723320007,-0.0026086807250976563,0.5722819566726685,0.7440444827079773,-0.0026086807250976563,0.608579158782959,0.7659434080123901,-0.0026086807250976563
207,0.6039069890975952,0.33979737758636475,0.011934757232666016,0.6240847110748291,0.39449137449264526,0,0.6329294443130493,0.4654309153556824,0.003978252410888672,0.5445196628570557,0.38997572660446167,0,0.5385797619819641,0.47520801424980164,0.003978252410888672,0.6822338104248047,0.4821760058403015,0.005967378616333008,0.5286821126937866,0.5274932384490967,0.005967378616333008,0.5944859385490417,0.5321301817893982,-0.001989126205444336,0.5687791109085083,0.5295707583427429,-0.001989126205444336,0.5898063778877258,0.6405667066574097,-0.003978252410888672,0.6063916087150574,0.6427129507064819,-0.003978252410888672,0.5418636202812195,0.7454818487167358,-0.003978252410888672,0.6751288771629333,0.7702279090881348,-0.003978252410888672
210,0.6651724576950073,0.31034958362579346,0.011495858430862427,0.6792179346084595,0.3787878751754761,0,0.7184485793113708,0.4482448697090149,0.0038319528102874756,0.60257887840271,0.35946208238601685,0,0.5776059031486511,0.4584852457046509,0.0038319528102874756,0.7975438833236694,0.473716139793396,0.005747929215431213,0.5627880692481995,0.5200562477111816,0.005747929215431213,0.656343936920166,0.5311557054519653,-0.0019159764051437378,0.6193817853927612,0.5254383087158203,-0.0019159764051437378,0.6422735452651978,0.648939847946167,-0.0038319528102874756,0.6643648743629456,0.6564176082611084,-0.0038319528102874756,0.555205762386322,0.7349897623062134,-0.0038319528102874756,0.7009286284446716,0.7776410579681396,-0.0038319528102874756
213,0.7096285223960876,0.29561376571655273,0.013690227270126342,0.7194311618804932,0.3630337715148926,0,0.7423321604728699,0.44218766689300537,0.004563409090042114,0.6281629800796509,0.3402893543243408,0,0.5951194167137146,0.44079363346099854,0.004563409090042114,0.8235904574394226,0.47116619348526,0.006845113635063172,0.58197420835495,0.5128231644630432,0.006845113635063172,0.6759971976280212,0.5244730710983276,-0.002281704545021057,0.6364696025848389,0.5185620784759521,-0.002281704545021057,0.6672914028167725,0.6553226113319397,-0.004563409090042114,0.679993748664856,0.6593010425567627,-0.004563409090042114,0.58966463804245,0.7312890291213989,-0.004563409090042114,0.6978282332420349,0.7708636522293091,-0.004563409090042114
216,0.7413270473480225,0.28143030405044556,0.014244532585144042,0.742743968963623,0.35954222083091736,0,0.7803873419761658,0.4320381283760071,0.004748177528381348,0.6477804183959961,0.32222655415534973,0,0.605831503868103,0.4239508807659149,0.004748177528381348,0.8615393042564392,0.4677402973175049,0.0071222662925720225,0.5830968618392944,0.5096756815910339,0.0071222662925720225,0.6929875612258911,0.513209342956543,-0.002374088764190674,0.6441143751144409,0.5065321326255798,-0.002374088764190674,0.6898354887962341,0.6539429426193237,-0.004748177528381348,0.6915101408958435,0.6585777401924133,-0.004748177528381348,0.6359293460845947,0.7192015051841736,-0.004748177528381348,0.6747138500213623,0.7586840987205505,0.0
219,0.7782560586929321,0.2819943428039551,0.01343611478805542,0.7615846395492554,0.34792038798332214,0,0.7909348011016846,0.4249647259712219,0.0044787049293518065,0.6720105409622192,0.3113812208175659,0,0.6183501482009888,0.4114634692668915,0.0044787049293518065,0.864170253276825,0.46022161841392517,0.006718057394027709,0.5918946266174316,0.5039864182472229,0.006718057394027709,0.6953191161155701,0.4988275468349457,-0.0022393524646759032,0.6430715918540955,0.4942888021469116,-0.0022393524646759032,0.6998753547668457,0.6525496244430542,-0.0044787049293518065,0.6871492862701416,0.6502699255943298,-0.0044787049293518065,0.6694523692131042,0.7459466457366943,0.0,0.6712604761123657,0.7492608428001404,-0.0044787049293518065
222,0.788519024848938,0.27663981914520264,0.013271436095237732,0.766310453414917,0.3511224687099457,0,0.7940629720687866,0.4391207695007324,0.004423812031745911,0.6778342127799988,0.30279740691185,0,0.6197242140769958,0.40071552991867065,0.004423812031745911,0.8600696325302124,0.4668619632720947,0.006635718047618866,0.5988707542419434,0.4979819059371948,0.006635718047618866,0.6861085891723633,0.5045579671859741,-0.0022119060158729553,0.6456670165061951,0.4990447461605072,-0.0022119060158729553,0.6971006393432617,0.6434532403945923,-0.004423812031745911,0.6798757314682007,0.65152508020401,-0.004423812031745911,0.6812384128570557,0.7459993362426758,0.0,0.6829414367675781,0.7468900680541992,0.0
225,0.7925416827201843,0.2735437750816345,0.012647590041160584,0.7630181312561035,0.34233567118644714,0,0.7804009914398193,0.4403701722621918,0.004215863347053528,0.678700864315033,0.3038713335990906,0,0.6290092468261719,0.39607173204421997,0.004215863347053528,0.8445440530776978,0.4800261855125427,0.006323795020580291,0.6067625284194946,0.4806605577468872,0.006323795020580291,0.7055492401123047,0.5032806992530823,-0.002107931673526764,0.6542891263961792,0.49465394020080566,-0.002107931673526764,0.7013566493988037,0.6387361288070679,-0.004215863347053528,0.6815280914306641,0.6395812034606934,-0.004215863347053528,0.6889523267745972,0.7403545379638672,-0.004215863347053528,0.6886717677116394,0.7463164329528809,-0.004215863347053528
228,0.7948356866836548,0.27065345644950867,0.00910266637802124,0.7529556751251221,0.32478177547454834,0,0.7630850672721863,0.43711239099502563,0.0030342221260070803,0.6922712326049805,0.29657885432243347,0,0.6422580480575562,0.4145556688308716,0.0030342221260070803,0.7925678491592407,0.4945039451122284,0.004551333189010621,0.6305738687515259,0.5091480612754822,0.004551333189010621,0.7089320421218872,0.4997366666793823,-0.0015171110630035401,0.6695977449417114,0.49798059463500977,-0.0015171110630035401,0.7200865149497986,0.645458996295929,-0.0030342221260070803,0.7000450491905212,0.6508105993270874,-0.0030342221260070803,0.698075532913208,0.7651466727256775,-0.0030342221260070803,0.6930161714553833,0.7781681418418884,-0.0030342221260070803
